seed,scenario_id,time_slot,embb_cqi,urllc_cqi
42,stable_load,0,11,8
42,stable_load,1,11,7
42,stable_load,2,11,8
42,stable_load,3,11,8
42,stable_load,4,11,8
42,stable_load,5,11,8
42,stable_load,6,11,8
42,stable_load,7,11,8
42,stable_load,8,10,9
42,stable_load,9,9,9
42,stable_load,10,10,9
42,stable_load,11,10,9
42,stable_load,12,11,9
42,stable_load,13,11,9
42,stable_load,14,11,10
42,stable_load,15,11,10
42,stable_load,16,11,10
42,stable_load,17,11,9
42,stable_load,18,11,8
42,stable_load,19,11,8
42,stable_load,20,11,8
42,stable_load,21,11,8
42,stable_load,22,11,7
42,stable_load,23,11,7
42,stable_load,24,11,8
42,stable_load,25,10,8
42,stable_load,26,10,8
42,stable_load,27,10,8
42,stable_load,28,10,8
42,stable_load,29,10,8
42,stable_load,30,10,9
42,stable_load,31,11,9
42,stable_load,32,11,9
42,stable_load,33,11,9
42,stable_load,34,10,9
42,stable_load,35,10,9
42,stable_load,36,11,9
42,stable_load,37,11,9
42,stable_load,38,10,9
42,stable_load,39,10,9
42,stable_load,40,10,8
42,stable_load,41,10,8
42,stable_load,42,10,8
42,stable_load,43,10,8
42,stable_load,44,10,8
42,stable_load,45,9,7
42,stable_load,46,10,7
42,stable_load,47,10,8
42,stable_load,48,10,8
42,stable_load,49,10,8
42,stable_load,50,10,8
42,stable_load,51,10,8
42,stable_load,52,9,8
42,stable_load,53,10,8
42,stable_load,54,10,8
42,stable_load,55,10,8
42,stable_load,56,10,8
42,stable_load,57,10,8
42,stable_load,58,10,7
42,stable_load,59,10,8
42,stable_load,60,10,8
42,stable_load,61,10,8
42,stable_load,62,10,8
42,stable_load,63,10,8
42,stable_load,64,10,9
42,stable_load,65,10,9
42,stable_load,66,10,9
42,stable_load,67,10,9
42,stable_load,68,10,9
42,stable_load,69,10,9
42,stable_load,70,10,9
42,stable_load,71,9,9
42,stable_load,72,10,9
42,stable_load,73,10,9
42,stable_load,74,10,9
42,stable_load,75,10,9
42,stable_load,76,10,9
42,stable_load,77,10,9
42,stable_load,78,11,9
42,stable_load,79,11,10
42,stable_load,80,11,10
42,stable_load,81,11,10
42,stable_load,82,10,10
42,stable_load,83,10,10
42,stable_load,84,10,10
42,stable_load,85,10,9
42,stable_load,86,11,9
42,stable_load,87,10,9
42,stable_load,88,10,9
42,stable_load,89,9,8
42,stable_load,90,10,8
42,stable_load,91,10,8
42,stable_load,92,10,9
42,stable_load,93,10,9
42,stable_load,94,10,9
42,stable_load,95,10,9
42,stable_load,96,11,9
42,stable_load,97,11,9
42,stable_load,98,11,9
42,stable_load,99,11,9
42,stable_load,100,11,9
42,stable_load,101,12,10
42,stable_load,102,12,9
42,stable_load,103,13,8
42,stable_load,104,13,8
42,stable_load,105,13,8
42,stable_load,106,13,9
42,stable_load,107,14,9
42,stable_load,108,14,9
42,stable_load,109,14,9
42,stable_load,110,13,9
42,stable_load,111,13,9
42,stable_load,112,13,9
42,stable_load,113,13,9
42,stable_load,114,13,9
42,stable_load,115,13,8
42,stable_load,116,12,9
42,stable_load,117,12,9
42,stable_load,118,12,9
42,stable_load,119,12,10
42,stable_load,120,13,10
42,stable_load,121,13,10
42,stable_load,122,13,9
42,stable_load,123,13,9
42,stable_load,124,13,9
42,stable_load,125,13,10
42,stable_load,126,13,11
42,stable_load,127,13,11
42,stable_load,128,13,12
42,stable_load,129,13,12
42,stable_load,130,12,12
42,stable_load,131,12,11
42,stable_load,132,12,11
42,stable_load,133,11,11
42,stable_load,134,11,11
42,stable_load,135,11,11
42,stable_load,136,11,10
42,stable_load,137,11,10
42,stable_load,138,11,10
42,stable_load,139,11,10
42,stable_load,140,11,10
42,stable_load,141,11,10
42,stable_load,142,11,10
42,stable_load,143,10,10
42,stable_load,144,9,9
42,stable_load,145,9,9
42,stable_load,146,10,10
42,stable_load,147,10,10
42,stable_load,148,10,10
42,stable_load,149,10,10
42,stable_load,150,10,9
42,stable_load,151,10,10
42,stable_load,152,10,10
42,stable_load,153,10,10
42,stable_load,154,10,10
42,stable_load,155,10,10
42,stable_load,156,9,10
42,stable_load,157,9,10
42,stable_load,158,10,10
42,stable_load,159,10,9
42,stable_load,160,10,10
42,stable_load,161,10,9
42,stable_load,162,10,9
42,stable_load,163,10,8
42,stable_load,164,10,7
42,stable_load,165,10,7
42,stable_load,166,10,7
42,stable_load,167,11,8
42,stable_load,168,12,8
42,stable_load,169,12,8
42,stable_load,170,12,8
42,stable_load,171,12,8
42,stable_load,172,12,9
42,stable_load,173,12,9
42,stable_load,174,12,9
42,stable_load,175,11,9
42,stable_load,176,11,9
42,stable_load,177,11,9
42,stable_load,178,12,10
42,stable_load,179,12,11
42,stable_load,180,11,11
42,stable_load,181,11,11
42,stable_load,182,11,12
42,stable_load,183,11,12
42,stable_load,184,11,12
42,stable_load,185,11,12
42,stable_load,186,11,12
42,stable_load,187,11,13
42,stable_load,188,11,14
42,stable_load,189,11,13
42,stable_load,190,12,13
42,stable_load,191,12,13
42,stable_load,192,12,14
42,stable_load,193,12,14
42,stable_load,194,12,15
42,stable_load,195,12,15
42,stable_load,196,12,14
42,stable_load,197,12,14
42,stable_load,198,12,13
42,stable_load,199,12,12
42,stable_load,200,12,12
42,stable_load,201,13,11
42,stable_load,202,12,11
42,stable_load,203,12,11
42,stable_load,204,13,11
42,stable_load,205,13,11
42,stable_load,206,13,11
42,stable_load,207,13,10
42,stable_load,208,13,10
42,stable_load,209,13,11
42,stable_load,210,13,11
42,stable_load,211,13,11
42,stable_load,212,13,10
42,stable_load,213,13,10
42,stable_load,214,13,10
42,stable_load,215,13,10
42,stable_load,216,12,10
42,stable_load,217,12,11
42,stable_load,218,11,11
42,stable_load,219,12,11
42,stable_load,220,12,11
42,stable_load,221,12,11
42,stable_load,222,12,11
42,stable_load,223,12,11
42,stable_load,224,12,11
42,stable_load,225,12,11
42,stable_load,226,12,11
42,stable_load,227,12,11
42,stable_load,228,12,11
42,stable_load,229,12,12
42,stable_load,230,12,12
42,stable_load,231,12,12
42,stable_load,232,12,12
42,stable_load,233,12,12
42,stable_load,234,11,11
42,stable_load,235,11,11
42,stable_load,236,11,12
42,stable_load,237,11,12
42,stable_load,238,12,12
42,stable_load,239,12,13
42,stable_load,240,12,13
42,stable_load,241,12,13
42,stable_load,242,12,13
42,stable_load,243,12,13
42,stable_load,244,11,13
42,stable_load,245,11,13
42,stable_load,246,11,13
42,stable_load,247,11,12
42,stable_load,248,11,12
42,stable_load,249,11,12
42,stable_load,250,11,12
42,stable_load,251,12,12
42,stable_load,252,12,12
42,stable_load,253,12,12
42,stable_load,254,12,12
42,stable_load,255,12,12
42,stable_load,256,11,11
42,stable_load,257,11,10
42,stable_load,258,11,10
42,stable_load,259,10,10
42,stable_load,260,10,10
42,stable_load,261,10,10
42,stable_load,262,10,10
42,stable_load,263,10,11
42,stable_load,264,11,10
42,stable_load,265,11,9
42,stable_load,266,11,8
42,stable_load,267,11,8
42,stable_load,268,12,8
42,stable_load,269,12,8
42,stable_load,270,12,8
42,stable_load,271,12,8
42,stable_load,272,12,8
42,stable_load,273,13,8
42,stable_load,274,13,7
42,stable_load,275,13,7
42,stable_load,276,13,7
42,stable_load,277,13,8
42,stable_load,278,13,9
42,stable_load,279,13,9
42,stable_load,280,13,9
42,stable_load,281,13,9
42,stable_load,282,13,9
42,stable_load,283,13,9
42,stable_load,284,13,8
42,stable_load,285,12,8
42,stable_load,286,11,8
42,stable_load,287,10,8
42,stable_load,288,9,8
42,stable_load,289,9,8
42,stable_load,290,9,8
42,stable_load,291,9,8
42,stable_load,292,9,9
42,stable_load,293,9,9
42,stable_load,294,9,9
42,stable_load,295,9,9
42,stable_load,296,9,9
42,stable_load,297,9,9
42,stable_load,298,9,9
42,stable_load,299,8,9
42,stable_load,300,9,9
42,stable_load,301,9,8
42,stable_load,302,9,9
42,stable_load,303,9,8
42,stable_load,304,9,7
42,stable_load,305,9,7
42,stable_load,306,9,6
42,stable_load,307,9,6
42,stable_load,308,8,6
42,stable_load,309,8,6
42,stable_load,310,8,5
42,stable_load,311,8,5
42,stable_load,312,9,5
42,stable_load,313,9,5
42,stable_load,314,9,5
42,stable_load,315,9,6
42,stable_load,316,10,6
42,stable_load,317,10,6
42,stable_load,318,10,6
42,stable_load,319,10,6
42,stable_load,320,10,6
42,stable_load,321,9,6
42,stable_load,322,9,6
42,stable_load,323,8,6
42,stable_load,324,7,6
42,stable_load,325,6,6
42,stable_load,326,6,6
42,stable_load,327,5,6
42,stable_load,328,5,6
42,stable_load,329,5,6
42,stable_load,330,5,6
42,stable_load,331,5,6
42,stable_load,332,5,6
42,stable_load,333,5,5
42,stable_load,334,5,5
42,stable_load,335,5,5
42,stable_load,336,5,5
42,stable_load,337,5,6
42,stable_load,338,5,6
42,stable_load,339,6,6
42,stable_load,340,6,6
42,stable_load,341,6,6
42,stable_load,342,6,6
42,stable_load,343,5,6
42,stable_load,344,5,6
42,stable_load,345,6,7
42,stable_load,346,6,7
42,stable_load,347,6,7
42,stable_load,348,7,7
42,stable_load,349,7,7
42,stable_load,350,7,7
42,stable_load,351,7,7
42,stable_load,352,7,7
42,stable_load,353,6,7
42,stable_load,354,6,7
42,stable_load,355,6,7
42,stable_load,356,6,7
42,stable_load,357,6,7
42,stable_load,358,6,6
42,stable_load,359,6,6
42,stable_load,360,6,5
42,stable_load,361,6,5
42,stable_load,362,5,5
42,stable_load,363,5,5
42,stable_load,364,5,4
42,stable_load,365,4,4
42,stable_load,366,4,4
42,stable_load,367,3,5
42,stable_load,368,3,5
42,stable_load,369,3,5
42,stable_load,370,3,6
42,stable_load,371,3,6
42,stable_load,372,3,6
42,stable_load,373,3,6
42,stable_load,374,3,6
42,stable_load,375,3,5
42,stable_load,376,3,5
42,stable_load,377,3,6
42,stable_load,378,3,6
42,stable_load,379,3,6
42,stable_load,380,3,6
42,stable_load,381,3,6
42,stable_load,382,3,6
42,stable_load,383,3,5
42,stable_load,384,3,5
42,stable_load,385,3,5
42,stable_load,386,4,5
42,stable_load,387,5,5
42,stable_load,388,5,6
42,stable_load,389,6,6
42,stable_load,390,6,6
42,stable_load,391,6,6
42,stable_load,392,6,6
42,stable_load,393,6,6
42,stable_load,394,6,6
42,stable_load,395,5,6
42,stable_load,396,5,6
42,stable_load,397,5,6
42,stable_load,398,4,6
42,stable_load,399,4,6
42,stable_load,400,4,6
42,stable_load,401,4,6
42,stable_load,402,4,6
42,stable_load,403,4,5
42,stable_load,404,4,6
42,stable_load,405,5,6
42,stable_load,406,4,6
42,stable_load,407,4,6
42,stable_load,408,4,5
42,stable_load,409,4,5
42,stable_load,410,5,5
42,stable_load,411,5,5
42,stable_load,412,5,5
42,stable_load,413,5,5
42,stable_load,414,4,5
42,stable_load,415,5,4
42,stable_load,416,5,5
42,stable_load,417,5,5
42,stable_load,418,5,5
42,stable_load,419,4,5
42,stable_load,420,5,5
42,stable_load,421,5,6
42,stable_load,422,5,6
42,stable_load,423,5,6
42,stable_load,424,5,7
42,stable_load,425,5,7
42,stable_load,426,5,7
42,stable_load,427,5,7
42,stable_load,428,5,7
42,stable_load,429,5,7
42,stable_load,430,4,7
42,stable_load,431,3,7
42,stable_load,432,3,7
42,stable_load,433,4,7
42,stable_load,434,4,7
42,stable_load,435,4,7
42,stable_load,436,4,8
42,stable_load,437,4,8
42,stable_load,438,4,8
42,stable_load,439,4,8
42,stable_load,440,3,8
42,stable_load,441,3,8
42,stable_load,442,3,8
42,stable_load,443,3,8
42,stable_load,444,3,8
42,stable_load,445,3,8
42,stable_load,446,3,8
42,stable_load,447,3,8
42,stable_load,448,3,8
42,stable_load,449,3,8
42,stable_load,450,3,8
42,stable_load,451,3,8
42,stable_load,452,3,8
42,stable_load,453,3,7
42,stable_load,454,3,7
42,stable_load,455,3,7
42,stable_load,456,3,7
42,stable_load,457,3,7
42,stable_load,458,3,7
42,stable_load,459,3,7
42,stable_load,460,4,8
42,stable_load,461,4,8
42,stable_load,462,3,8
42,stable_load,463,3,8
42,stable_load,464,4,9
42,stable_load,465,4,9
42,stable_load,466,4,9
42,stable_load,467,5,9
42,stable_load,468,6,9
42,stable_load,469,6,9
42,stable_load,470,6,9
42,stable_load,471,5,9
42,stable_load,472,5,9
42,stable_load,473,5,9
42,stable_load,474,6,9
42,stable_load,475,6,9
42,stable_load,476,6,10
42,stable_load,477,6,10
42,stable_load,478,6,10
42,stable_load,479,5,9
42,stable_load,480,5,9
42,stable_load,481,4,9
42,stable_load,482,4,8
42,stable_load,483,4,9
42,stable_load,484,4,9
42,stable_load,485,4,9
42,stable_load,486,4,9
42,stable_load,487,3,9
42,stable_load,488,3,9
42,stable_load,489,3,9
42,stable_load,490,4,9
42,stable_load,491,4,8
42,stable_load,492,3,8
42,stable_load,493,3,9
42,stable_load,494,4,9
42,stable_load,495,4,8
42,stable_load,496,4,8
42,stable_load,497,4,8
42,stable_load,498,4,8
42,stable_load,499,4,8
