seed,scenario_id,time_slot,embb_arrival_bits,urllc_arrival_packets,urllc_arrival_bits
42,urllc_burst,0,15712,0,0
42,urllc_burst,1,15654,0,0
42,urllc_burst,2,15745,1,2560
42,urllc_burst,3,13005,1,2560
42,urllc_burst,4,16465,0,0
42,urllc_burst,5,18327,0,0
42,urllc_burst,6,14523,0,0
42,urllc_burst,7,13971,2,5120
42,urllc_burst,8,17064,0,0
42,urllc_burst,9,13093,0,0
42,urllc_burst,10,17747,0,0
42,urllc_burst,11,15519,0,0
42,urllc_burst,12,17565,2,5120
42,urllc_burst,13,13774,2,5120
42,urllc_burst,14,17329,2,5120
42,urllc_burst,15,13562,0,0
42,urllc_burst,16,16229,0,0
42,urllc_burst,17,17637,0,0
42,urllc_burst,18,17300,1,2560
42,urllc_burst,19,16957,1,2560
42,urllc_burst,20,15500,2,5120
42,urllc_burst,21,20672,1,2560
42,urllc_burst,22,11612,1,2560
42,urllc_burst,23,20149,3,7680
42,urllc_burst,24,17706,0,0
42,urllc_burst,25,16349,0,0
42,urllc_burst,26,19829,0,0
42,urllc_burst,27,14564,1,2560
42,urllc_burst,28,17905,0,0
42,urllc_burst,29,14866,0,0
42,urllc_burst,30,14553,2,5120
42,urllc_burst,31,15413,0,0
42,urllc_burst,32,18387,0,0
42,urllc_burst,33,15963,0,0
42,urllc_burst,34,18169,1,2560
42,urllc_burst,35,17787,0,0
42,urllc_burst,36,11095,3,7680
42,urllc_burst,37,20513,2,5120
42,urllc_burst,38,15698,0,0
42,urllc_burst,39,18847,1,2560
42,urllc_burst,40,19915,0,0
42,urllc_burst,41,14831,1,2560
42,urllc_burst,42,19450,0,0
42,urllc_burst,43,13890,2,5120
42,urllc_burst,44,16196,2,5120
42,urllc_burst,45,13517,0,0
42,urllc_burst,46,20567,2,5120
42,urllc_burst,47,16562,0,0
42,urllc_burst,48,19491,0,0
42,urllc_burst,49,12638,1,2560
42,urllc_burst,50,16227,6,15360
42,urllc_burst,51,12600,8,20480
42,urllc_burst,52,16288,3,7680
42,urllc_burst,53,17794,5,12800
42,urllc_burst,54,15323,7,17920
42,urllc_burst,55,14787,7,17920
42,urllc_burst,56,13883,5,12800
42,urllc_burst,57,19368,10,25600
42,urllc_burst,58,14619,4,10240
42,urllc_burst,59,16125,10,25600
42,urllc_burst,60,12795,4,10240
42,urllc_burst,61,15130,5,12800
42,urllc_burst,62,19067,7,17920
42,urllc_burst,63,18876,7,17920
42,urllc_burst,64,9050,7,17920
42,urllc_burst,65,17864,6,15360
42,urllc_burst,66,16690,4,10240
42,urllc_burst,67,14461,6,15360
42,urllc_burst,68,11669,4,10240
42,urllc_burst,69,16313,6,15360
42,urllc_burst,70,19689,3,7680
42,urllc_burst,71,17887,0,0
42,urllc_burst,72,17195,4,10240
42,urllc_burst,73,17233,0,0
42,urllc_burst,74,18780,1,2560
42,urllc_burst,75,18095,1,2560
42,urllc_burst,76,19618,3,7680
42,urllc_burst,77,14294,1,2560
42,urllc_burst,78,19266,2,5120
42,urllc_burst,79,14484,1,2560
42,urllc_burst,80,18747,0,0
42,urllc_burst,81,13153,2,5120
42,urllc_burst,82,16404,0,0
42,urllc_burst,83,14621,0,0
42,urllc_burst,84,14112,1,2560
42,urllc_burst,85,19524,1,2560
42,urllc_burst,86,18462,1,2560
42,urllc_burst,87,15707,1,2560
42,urllc_burst,88,17528,0,0
42,urllc_burst,89,15634,1,2560
42,urllc_burst,90,14936,1,2560
42,urllc_burst,91,18515,1,2560
42,urllc_burst,92,15970,2,5120
42,urllc_burst,93,15888,2,5120
42,urllc_burst,94,18674,0,0
42,urllc_burst,95,17258,0,0
42,urllc_burst,96,17843,0,0
42,urllc_burst,97,13396,0,0
42,urllc_burst,98,14298,0,0
42,urllc_burst,99,17105,0,0
42,urllc_burst,100,11832,3,7680
42,urllc_burst,101,18276,1,2560
42,urllc_burst,102,15513,2,5120
42,urllc_burst,103,18063,1,2560
42,urllc_burst,104,11758,1,2560
42,urllc_burst,105,16722,0,0
42,urllc_burst,106,13182,0,0
42,urllc_burst,107,15726,3,7680
42,urllc_burst,108,16140,0,0
42,urllc_burst,109,16422,2,5120
42,urllc_burst,110,13578,0,0
42,urllc_burst,111,17444,1,2560
42,urllc_burst,112,16110,0,0
42,urllc_burst,113,18920,2,5120
42,urllc_burst,114,14891,2,5120
42,urllc_burst,115,16564,0,0
42,urllc_burst,116,17279,3,7680
42,urllc_burst,117,14200,4,10240
42,urllc_burst,118,17222,2,5120
42,urllc_burst,119,13796,0,0
42,urllc_burst,120,16049,2,5120
42,urllc_burst,121,18849,0,0
42,urllc_burst,122,17450,0,0
42,urllc_burst,123,16768,0,0
42,urllc_burst,124,14943,0,0
42,urllc_burst,125,15728,2,5120
42,urllc_burst,126,13908,1,2560
42,urllc_burst,127,17372,2,5120
42,urllc_burst,128,14677,1,2560
42,urllc_burst,129,12286,0,0
42,urllc_burst,130,14003,2,5120
42,urllc_burst,131,18686,2,5120
42,urllc_burst,132,16259,1,2560
42,urllc_burst,133,17384,0,0
42,urllc_burst,134,15123,0,0
42,urllc_burst,135,14163,1,2560
42,urllc_burst,136,15664,1,2560
42,urllc_burst,137,15675,0,0
42,urllc_burst,138,15326,1,2560
42,urllc_burst,139,15156,1,2560
42,urllc_burst,140,14428,1,2560
42,urllc_burst,141,18998,1,2560
42,urllc_burst,142,16344,2,5120
42,urllc_burst,143,16195,2,5120
42,urllc_burst,144,16130,0,0
42,urllc_burst,145,11113,0,0
42,urllc_burst,146,16598,2,5120
42,urllc_burst,147,16850,2,5120
42,urllc_burst,148,13405,0,0
42,urllc_burst,149,13928,2,5120
42,urllc_burst,150,17707,7,17920
42,urllc_burst,151,16278,8,20480
42,urllc_burst,152,14174,10,25600
42,urllc_burst,153,15932,8,20480
42,urllc_burst,154,17101,5,12800
42,urllc_burst,155,14988,6,15360
42,urllc_burst,156,16802,8,20480
42,urllc_burst,157,15729,8,20480
42,urllc_burst,158,15801,3,7680
42,urllc_burst,159,17509,7,17920
42,urllc_burst,160,17060,2,5120
42,urllc_burst,161,16776,9,23040
42,urllc_burst,162,13884,5,12800
42,urllc_burst,163,16412,3,7680
42,urllc_burst,164,14429,7,17920
42,urllc_burst,165,15345,9,23040
42,urllc_burst,166,15376,2,5120
42,urllc_burst,167,15011,9,23040
42,urllc_burst,168,13920,7,17920
42,urllc_burst,169,13919,6,15360
42,urllc_burst,170,18205,1,2560
42,urllc_burst,171,15170,0,0
42,urllc_burst,172,14394,0,0
42,urllc_burst,173,16731,0,0
42,urllc_burst,174,19694,3,7680
42,urllc_burst,175,15099,0,0
42,urllc_burst,176,19254,1,2560
42,urllc_burst,177,16840,1,2560
42,urllc_burst,178,13560,1,2560
42,urllc_burst,179,14550,0,0
42,urllc_burst,180,14511,1,2560
42,urllc_burst,181,18580,1,2560
42,urllc_burst,182,19451,1,2560
42,urllc_burst,183,14762,0,0
42,urllc_burst,184,13645,1,2560
42,urllc_burst,185,20749,2,5120
42,urllc_burst,186,14898,0,0
42,urllc_burst,187,16668,2,5120
42,urllc_burst,188,16726,2,5120
42,urllc_burst,189,18418,0,0
42,urllc_burst,190,18701,0,0
42,urllc_burst,191,15540,0,0
42,urllc_burst,192,13593,0,0
42,urllc_burst,193,15204,3,7680
42,urllc_burst,194,17159,1,2560
42,urllc_burst,195,13957,0,0
42,urllc_burst,196,18844,0,0
42,urllc_burst,197,11172,1,2560
42,urllc_burst,198,18101,2,5120
42,urllc_burst,199,14877,1,2560
42,urllc_burst,200,18181,1,2560
42,urllc_burst,201,15044,0,0
42,urllc_burst,202,9691,1,2560
42,urllc_burst,203,12164,1,2560
42,urllc_burst,204,13628,1,2560
42,urllc_burst,205,15197,0,0
42,urllc_burst,206,15156,0,0
42,urllc_burst,207,13536,1,2560
42,urllc_burst,208,15896,1,2560
42,urllc_burst,209,12876,3,7680
42,urllc_burst,210,18299,3,7680
42,urllc_burst,211,16545,1,2560
42,urllc_burst,212,15646,1,2560
42,urllc_burst,213,13976,2,5120
42,urllc_burst,214,14979,3,7680
42,urllc_burst,215,13288,0,0
42,urllc_burst,216,15341,1,2560
42,urllc_burst,217,12689,0,0
42,urllc_burst,218,12940,2,5120
42,urllc_burst,219,12693,0,0
42,urllc_burst,220,13291,1,2560
42,urllc_burst,221,12976,1,2560
42,urllc_burst,222,16476,1,2560
42,urllc_burst,223,14403,1,2560
42,urllc_burst,224,16322,0,0
42,urllc_burst,225,14822,2,5120
42,urllc_burst,226,16949,1,2560
42,urllc_burst,227,15421,0,0
42,urllc_burst,228,19608,2,5120
42,urllc_burst,229,16213,1,2560
42,urllc_burst,230,13567,1,2560
42,urllc_burst,231,14507,1,2560
42,urllc_burst,232,14279,0,0
42,urllc_burst,233,17523,1,2560
42,urllc_burst,234,17671,2,5120
42,urllc_burst,235,15923,2,5120
42,urllc_burst,236,18603,2,5120
42,urllc_burst,237,16828,2,5120
42,urllc_burst,238,14179,2,5120
42,urllc_burst,239,13892,3,7680
42,urllc_burst,240,15220,2,5120
42,urllc_burst,241,18010,0,0
42,urllc_burst,242,15980,0,0
42,urllc_burst,243,14757,2,5120
42,urllc_burst,244,19225,0,0
42,urllc_burst,245,14051,2,5120
42,urllc_burst,246,15961,0,0
42,urllc_burst,247,14181,1,2560
42,urllc_burst,248,19879,4,10240
42,urllc_burst,249,15171,1,2560
42,urllc_burst,250,13855,7,17920
42,urllc_burst,251,15498,7,17920
42,urllc_burst,252,15080,5,12800
42,urllc_burst,253,16598,8,20480
42,urllc_burst,254,13956,6,15360
42,urllc_burst,255,16137,6,15360
42,urllc_burst,256,17273,5,12800
42,urllc_burst,257,14202,4,10240
42,urllc_burst,258,16857,3,7680
42,urllc_burst,259,19946,4,10240
42,urllc_burst,260,15758,3,7680
42,urllc_burst,261,15612,5,12800
42,urllc_burst,262,16420,3,7680
42,urllc_burst,263,13637,7,17920
42,urllc_burst,264,15093,4,10240
42,urllc_burst,265,13863,8,20480
42,urllc_burst,266,14832,7,17920
42,urllc_burst,267,12263,5,12800
42,urllc_burst,268,16660,6,15360
42,urllc_burst,269,15653,8,20480
42,urllc_burst,270,14497,1,2560
42,urllc_burst,271,14902,1,2560
42,urllc_burst,272,19005,0,0
42,urllc_burst,273,18430,2,5120
42,urllc_burst,274,19050,2,5120
42,urllc_burst,275,11521,0,0
42,urllc_burst,276,19394,0,0
42,urllc_burst,277,14379,0,0
42,urllc_burst,278,15496,0,0
42,urllc_burst,279,14356,0,0
42,urllc_burst,280,17768,1,2560
42,urllc_burst,281,14114,1,2560
42,urllc_burst,282,15966,1,2560
42,urllc_burst,283,14608,1,2560
42,urllc_burst,284,16435,0,0
42,urllc_burst,285,13447,0,0
42,urllc_burst,286,17524,1,2560
42,urllc_burst,287,18318,1,2560
42,urllc_burst,288,14507,1,2560
42,urllc_burst,289,16569,1,2560
42,urllc_burst,290,14997,1,2560
42,urllc_burst,291,13920,1,2560
42,urllc_burst,292,17692,0,0
42,urllc_burst,293,16082,0,0
42,urllc_burst,294,15938,0,0
42,urllc_burst,295,17783,1,2560
42,urllc_burst,296,13723,2,5120
42,urllc_burst,297,18132,0,0
42,urllc_burst,298,16380,0,0
42,urllc_burst,299,15551,3,7680
42,urllc_burst,300,15476,0,0
42,urllc_burst,301,13987,0,0
42,urllc_burst,302,14372,3,7680
42,urllc_burst,303,19206,1,2560
42,urllc_burst,304,13933,1,2560
42,urllc_burst,305,14709,0,0
42,urllc_burst,306,15395,1,2560
42,urllc_burst,307,17052,2,5120
42,urllc_burst,308,15476,1,2560
42,urllc_burst,309,12340,0,0
42,urllc_burst,310,16884,2,5120
42,urllc_burst,311,18569,2,5120
42,urllc_burst,312,16135,2,5120
42,urllc_burst,313,13821,2,5120
42,urllc_burst,314,16438,1,2560
42,urllc_burst,315,16611,0,0
42,urllc_burst,316,18233,0,0
42,urllc_burst,317,16823,1,2560
42,urllc_burst,318,16392,3,7680
42,urllc_burst,319,15304,1,2560
42,urllc_burst,320,17105,1,2560
42,urllc_burst,321,11892,1,2560
42,urllc_burst,322,14870,0,0
42,urllc_burst,323,16174,0,0
42,urllc_burst,324,17478,1,2560
42,urllc_burst,325,14913,0,0
42,urllc_burst,326,16030,1,2560
42,urllc_burst,327,18146,0,0
42,urllc_burst,328,14862,1,2560
42,urllc_burst,329,17169,2,5120
42,urllc_burst,330,16816,1,2560
42,urllc_burst,331,16359,4,10240
42,urllc_burst,332,15041,0,0
42,urllc_burst,333,15451,2,5120
42,urllc_burst,334,12100,0,0
42,urllc_burst,335,13348,1,2560
42,urllc_burst,336,17152,3,7680
42,urllc_burst,337,13253,1,2560
42,urllc_burst,338,14773,0,0
42,urllc_burst,339,17449,0,0
42,urllc_burst,340,18185,0,0
42,urllc_burst,341,15255,0,0
42,urllc_burst,342,19413,0,0
42,urllc_burst,343,17798,3,7680
42,urllc_burst,344,14232,0,0
42,urllc_burst,345,18916,1,2560
42,urllc_burst,346,17680,1,2560
42,urllc_burst,347,13004,1,2560
42,urllc_burst,348,15343,1,2560
42,urllc_burst,349,14682,1,2560
42,urllc_burst,350,14318,11,28160
42,urllc_burst,351,15635,6,15360
42,urllc_burst,352,18212,7,17920
42,urllc_burst,353,12784,3,7680
42,urllc_burst,354,14533,7,17920
42,urllc_burst,355,15982,6,15360
42,urllc_burst,356,17351,6,15360
42,urllc_burst,357,16734,4,10240
42,urllc_burst,358,18231,2,5120
42,urllc_burst,359,14487,6,15360
42,urllc_burst,360,16739,9,23040
42,urllc_burst,361,15881,7,17920
42,urllc_burst,362,12487,6,15360
42,urllc_burst,363,14955,4,10240
42,urllc_burst,364,20495,8,20480
42,urllc_burst,365,17212,8,20480
42,urllc_burst,366,11456,7,17920
42,urllc_burst,367,16071,6,15360
42,urllc_burst,368,19898,7,17920
42,urllc_burst,369,17063,6,15360
42,urllc_burst,370,19167,0,0
42,urllc_burst,371,17424,1,2560
42,urllc_burst,372,13619,1,2560
42,urllc_burst,373,14150,2,5120
42,urllc_burst,374,13678,0,0
42,urllc_burst,375,17731,0,0
42,urllc_burst,376,15789,1,2560
42,urllc_burst,377,13658,0,0
42,urllc_burst,378,15860,1,2560
42,urllc_burst,379,18170,2,5120
42,urllc_burst,380,17321,2,5120
42,urllc_burst,381,14248,2,5120
42,urllc_burst,382,15579,3,7680
42,urllc_burst,383,16600,3,7680
42,urllc_burst,384,16969,0,0
42,urllc_burst,385,16925,1,2560
42,urllc_burst,386,14191,2,5120
42,urllc_burst,387,15361,0,0
42,urllc_burst,388,13123,2,5120
42,urllc_burst,389,23363,1,2560
42,urllc_burst,390,18825,1,2560
42,urllc_burst,391,15505,0,0
42,urllc_burst,392,18507,1,2560
42,urllc_burst,393,13584,3,7680
42,urllc_burst,394,16819,0,0
42,urllc_burst,395,16811,0,0
42,urllc_burst,396,15534,3,7680
42,urllc_burst,397,14217,1,2560
42,urllc_burst,398,17200,1,2560
42,urllc_burst,399,17202,0,0
42,urllc_burst,400,17080,2,5120
42,urllc_burst,401,15585,3,7680
42,urllc_burst,402,18748,2,5120
42,urllc_burst,403,16807,1,2560
42,urllc_burst,404,13191,0,0
42,urllc_burst,405,16035,3,7680
42,urllc_burst,406,15771,0,0
42,urllc_burst,407,16744,1,2560
42,urllc_burst,408,16778,0,0
42,urllc_burst,409,18619,4,10240
42,urllc_burst,410,14235,0,0
42,urllc_burst,411,17866,1,2560
42,urllc_burst,412,16012,0,0
42,urllc_burst,413,16902,1,2560
42,urllc_burst,414,16044,0,0
42,urllc_burst,415,20005,0,0
42,urllc_burst,416,14470,2,5120
42,urllc_burst,417,15188,1,2560
42,urllc_burst,418,20769,2,5120
42,urllc_burst,419,16699,0,0
42,urllc_burst,420,18221,2,5120
42,urllc_burst,421,16730,2,5120
42,urllc_burst,422,18385,1,2560
42,urllc_burst,423,13829,1,2560
42,urllc_burst,424,16865,0,0
42,urllc_burst,425,18387,2,5120
42,urllc_burst,426,19014,0,0
42,urllc_burst,427,15793,2,5120
42,urllc_burst,428,13489,1,2560
42,urllc_burst,429,20008,1,2560
42,urllc_burst,430,17042,0,0
42,urllc_burst,431,16305,1,2560
42,urllc_burst,432,14109,0,0
42,urllc_burst,433,14509,1,2560
42,urllc_burst,434,19274,0,0
42,urllc_burst,435,15807,0,0
42,urllc_burst,436,17165,1,2560
42,urllc_burst,437,13827,1,2560
42,urllc_burst,438,13425,2,5120
42,urllc_burst,439,11038,1,2560
42,urllc_burst,440,10841,2,5120
42,urllc_burst,441,16831,2,5120
42,urllc_burst,442,14084,1,2560
42,urllc_burst,443,13984,1,2560
42,urllc_burst,444,16914,0,0
42,urllc_burst,445,15691,0,0
42,urllc_burst,446,17778,1,2560
42,urllc_burst,447,18494,3,7680
42,urllc_burst,448,16882,0,0
42,urllc_burst,449,17040,1,2560
42,urllc_burst,450,15519,9,23040
42,urllc_burst,451,17136,5,12800
42,urllc_burst,452,15513,6,15360
42,urllc_burst,453,14323,9,23040
42,urllc_burst,454,14668,8,20480
42,urllc_burst,455,16176,4,10240
42,urllc_burst,456,16027,11,28160
42,urllc_burst,457,15798,10,25600
42,urllc_burst,458,11304,5,12800
42,urllc_burst,459,16136,9,23040
42,urllc_burst,460,17158,6,15360
42,urllc_burst,461,17890,7,17920
42,urllc_burst,462,15326,6,15360
42,urllc_burst,463,17352,4,10240
42,urllc_burst,464,14042,7,17920
42,urllc_burst,465,17323,5,12800
42,urllc_burst,466,13558,5,12800
42,urllc_burst,467,16453,4,10240
42,urllc_burst,468,13732,4,10240
42,urllc_burst,469,15300,5,12800
42,urllc_burst,470,13798,0,0
42,urllc_burst,471,15816,2,5120
42,urllc_burst,472,13077,2,5120
42,urllc_burst,473,18240,0,0
42,urllc_burst,474,21903,1,2560
42,urllc_burst,475,18500,1,2560
42,urllc_burst,476,13122,3,7680
42,urllc_burst,477,17855,2,5120
42,urllc_burst,478,17618,2,5120
42,urllc_burst,479,14927,1,2560
42,urllc_burst,480,17079,2,5120
42,urllc_burst,481,18236,0,0
42,urllc_burst,482,17667,1,2560
42,urllc_burst,483,16240,2,5120
42,urllc_burst,484,15088,2,5120
42,urllc_burst,485,17322,1,2560
42,urllc_burst,486,16418,0,0
42,urllc_burst,487,11872,0,0
42,urllc_burst,488,16421,2,5120
42,urllc_burst,489,16310,1,2560
42,urllc_burst,490,16138,1,2560
42,urllc_burst,491,17393,1,2560
42,urllc_burst,492,17303,0,0
42,urllc_burst,493,13030,2,5120
42,urllc_burst,494,15645,1,2560
42,urllc_burst,495,17054,0,0
42,urllc_burst,496,20519,3,7680
42,urllc_burst,497,17821,3,7680
42,urllc_burst,498,16391,1,2560
42,urllc_burst,499,14292,1,2560
